fullName;email;cardNumber;password
Trịnh Ngọc Tuyến;tuyen@gmail.com;00001;aaa888
Nguyễn Văn A;nguyenvana@gmail.com;00002;pass123
Trần Thị B;tranthib@gmail.com;00003;pass456
Lê Hoàng C;lehoangc@gmail.com;00004;hello789
Phạm Minh D;phamminhd@gmail.com;00005;test000
Hoàng Anh E;hoanganhe@gmail.com;00006;secure111
Đặng Thị F;dangthif@gmail.com;00007;library999
Võ Thanh G;vothanhg@gmail.com;00008;readbook123
Bùi Văn H;buivanh@gmail.com;00009;bookworm777
Ngô Quang I;ngoquangi@gmail.com;00010;java789
Lý Hải J;lyhaij@gmail.com;00011;springboot555
Dương Ngọc K;duongngock@gmail.com;00012;123abc
Cao Thị L;caothil@gmail.com;00013;xyz987
Tống Văn M;tongvanm@gmail.com;00014;admin999
Tạ Bảo N;tabaon@gmail.com;00015;passlib123
Vũ Hữu O;vuhuuo@gmail.com;00016;library000
Lâm Gia P;lamgiap@gmail.com;00017;987secure
Nguyễn Văn Q;nguyenvanq@gmail.com;00018;book1234
Hà Tấn R;hatansr@gmail.com;00019;javaSpring
Đỗ Phương S;dophuongs@gmail.com;00020;backend456
Trịnh Quốc T;trinhquoct@gmail.com;00021;helloSpring
Tôn Nữ U;tonu.u@gmail.com;00022;bookpass666
Lưu Chí V;luuchiv@gmail.com;00023;libraryhero
Nguyễn Tuấn W;nguyentuanw@gmail.com;00024;springsec
Bạch Hữu X;bachhuux@gmail.com;00025;read999
Dương Minh Y;duongminhy@gmail.com;00026;java007
Lương Văn Z;luongvanz@gmail.com;00027;helloWorld
Phạm Hữu AA;phamvu.aa@gmail.com;00028;secureBook
Bùi Minh BB;buiminhbb@gmail.com;00029;passSpring
Hoàng Gia CC;hoanggiacc@gmail.com;00030;libraryPass
Trần Quốc DD;tranquocdd@gmail.com;00031;pass999
Đinh Phương EE;dinhphuongee@gmail.com;00032;booklover
Ngô Hoàng FF;ngothoangff@gmail.com;00033;adminbook
Trương Minh GG;truongminhgg@gmail.com;00034;libraryKing
Lê Phúc HH;lephuchh@gmail.com;00035;secure999
Phan Quốc II;phanquocii@gmail.com;00036;passLibrary
Đoàn Minh JJ;doanminhjj@gmail.com;00037;helloBook
Võ Tuấn KK;votuan.kk@gmail.com;00038;librarySafe
Tống An LL;tonganll@gmail.com;00039;pass2024
Lý Hoàng MM;lyhoangmm@gmail.com;00040;securepass
Tạ Quốc NN;taquocnn@gmail.com;00041;bookadmin
Đặng Tuấn OO;dangtuanoo@gmail.com;00042;passRead
Lương Minh PP;luongminhpp@gmail.com;00043;library999
Hà Bảo QQ;habaoqq@gmail.com;00044;secureLib
Bùi Hoàng RR;buirhoangrr@gmail.com;00045;passLibrary
Cao Tuấn SS;caotuanss@gmail.com;00046;bookWorld
Trần Hữu TT;tranhuttt@gmail.com;00047;readSpring
Phạm Minh UU;phamminhuu@gmail.com;00048;secureSpring
Vũ Bảo VV;vubaovv@gmail.com;00049;passHero
Nguyễn Tuấn WW;nguyentuanww@gmail.com;00050;springMaster